origen,destino,distancia_km,flujo_gravedad,origen_id,destino_id,probabilidad_contagio_base
Zacatecas,Yucatán,2053.89,0.14498694861049524,32,31,0.002064123164763063
Zacatecas,Veracruz,1007.27,4.6140133645041566,32,30,0.06568792542689583
Zacatecas,Tlaxcala,787.26,0.07646865409911614,32,29,0.001088654681107027
Zacatecas,Tamaulipas,715.54,2.407237539647743,32,28,0.0342709107012303
Zacatecas,Tabasco,1464.6,0.8102932153560242,32,27,0.011535831411694692
Zacatecas,Sonora,1485.58,0.7575039466780599,32,26,0.010784290991171628
Zacatecas,Sinaloa,732.05,3.1400291651793055,32,25,0.044703381925020075
Zacatecas,San Luis Potosí,344.81,8.980813817038731,32,24,0.12785637614854906
Zacatecas,Quintana Roo,2122.79,0.027737282891048484,32,23,0.0003948849789011626
Zacatecas,Querétaro,551.45,1.1957144831559188,32,22,0.017022925075520667
Zacatecas,Puebla,848.35,1.0543031872370554,32,21,0.015009707096504855
Zacatecas,Oaxaca,1166.2,1.370149450946559,32,20,0.019506288310708414
Zacatecas,Nuevo León,474.91,2.697120606844136,32,19,0.038397863918792734
Zacatecas,Nayarit,648.16,1.612392965443115,32,18,0.022955015624290646
Zacatecas,Morelos,798.04,0.17145406994121967,32,17,0.0024409253443172323
Zacatecas,Michoacán,623.09,5.235172717860607,32,16,0.07453113112616717
Zacatecas,México,664.5,1.3423221581154554,32,15,0.01911012189507031
Zacatecas,Jalisco,455.08,15.19527845319563,32,14,0.21632930791948346
Zacatecas,Hidalgo,705.58,0.9602667057177087,32,13,0.013670946044581822
Zacatecas,Guerrero,951.32,1.4665057198449445,32,12,0.020878075279186618
Zacatecas,Guanajuato,395.18,5.176032334123634,32,11,0.07368917233460444
Zacatecas,Durango,371.9,9.955409422215855,32,10,0.14173131719808266
Zacatecas,Ciudad de México,708.63,0.0047389215622402345,32,9,6.746619517384035e-05
Zacatecas,Colima,626.2,0.4915121297788539,32,6,0.006997468272569199
Zacatecas,Coahuila,677.21,1.0612273675900337,32,5,0.015108283976703748
Zacatecas,Chihuahua,868.02,3.0106262956326915,32,8,0.04286112327223922
Zacatecas,Chiapas,1594.96,1.0456128989085878,32,7,0.01488598681947875
Zacatecas,Campeche,1797.36,0.21174814138329034,32,4,0.0030145764699067205
Zacatecas,Baja California Sur,3015.77,0.016286988229927673,32,3,0.00023187155817681318
Zacatecas,Baja California,2210.48,0.05442885889878406,32,2,0.0007748826329631975
Zacatecas,Aguascalientes,193.31,2.5404831040121243,32,1,0.036167876315323776
Yucatán,Zacatecas,2060.22,0.14409737616644588,31,32,0.0020514586656057627
Yucatán,Veracruz,1127.58,2.207357026218267,31,30,0.031425289064879444
Yucatán,Tlaxcala,1294.39,0.01695845114934552,31,29,0.000241430916308925
Yucatán,Tamaulipas,1826.7,0.22143638753213077,31,28,0.0031525042868129965
Yucatán,Tabasco,667.06,2.341785586488381,31,27,0.03333909653457609
Yucatán,Sonora,3382.36,0.08760602862532701,31,26,0.0012472131787822432
Yucatán,Sinaloa,2628.83,0.14597780600452434,31,25,0.0020782296186169667
Yucatán,San Luis Potosí,1857.43,0.1855441010021355,31,24,0.002641519672177734
Yucatán,Quintana Roo,202.66,1.8244777449169118,31,23,0.025974384680615765
Yucatán,Querétaro,1607.35,0.08437533835746719,31,22,0.0012012190897695903
Yucatán,Puebla,1233.25,0.29909562760508346,31,21,0.004258108880390008
Yucatán,Oaxaca,1223.73,0.7460010967185479,31,20,0.010620529360971322
Yucatán,Nuevo León,2006.17,0.09061168307962322,31,19,0.0012900035198704822
Yucatán,Nayarit,2163.24,0.08678059062611375,31,18,0.0012354617369346806
Yucatán,Morelos,1393.61,0.03370631502077868,31,17,0.000479863782912624
Yucatán,Michoacán,1807.61,0.37292351690459213,31,16,0.005309168013430124
Yucatán,México,1462.33,0.16616999818355005,31,15,0.0023656980564557744
Yucatán,Jalisco,1970.16,0.4860465129788006,31,14,0.006919656398087888
Yucatán,Hidalgo,1479.56,0.1309229844906459,31,13,0.0018638999418703222
Yucatán,Guerrero,1613.15,0.3057624681445621,31,12,0.004353022113099584
Yucatán,Guanajuato,1691.52,0.16936719110011753,31,11,0.002411215256621373
Yucatán,Durango,2389.54,0.14457045142583072,31,10,0.0020581936552784945
Yucatán,Ciudad de México,1386.88,0.0007417157193238595,31,9,1.0559520098862554e-05
Yucatán,Colima,2075.97,0.02681111558476061,31,6,0.0003816994928303383
Yucatán,Coahuila,2387.37,0.05119321052300398,31,5,0.0007288179572838849
Yucatán,Chihuahua,2885.65,0.16331484764900253,31,8,0.0023250503815186482
Yucatán,Chiapas,837.23,2.2749802202740006,31,7,0.03238801434921309
Yucatán,Campeche,370.62,2.985580000691967,31,4,0.04250454884899561
Yucatán,Baja California Sur,4985.91,0.0035722760416436947,31,3,5.085711368610108e-05
Yucatán,Baja California,4180.63,0.009122536473762348,31,2,0.00012987402685103307
Yucatán,Aguascalientes,1887.12,0.015981685592099004,31,1,0.00022752508249024365
Veracruz,Zacatecas,1002.84,4.654867789465194,30,32,0.06626955408901561
Veracruz,Yucatán,1126.5,2.211591537285296,30,31,0.031485574162735945
Veracruz,Tlaxcala,230.79,4.082910732274169,30,29,0.05812682246860377
Veracruz,Tamaulipas,701.4,11.495802620257468,30,28,0.16366129995441325
Veracruz,Tabasco,537.21,27.63605996785578,30,27,0.3934439072559596
Veracruz,Sonora,2324.98,1.4191313236011454,30,26,0.020203624305215214
Veracruz,Sinaloa,1571.46,3.1267456250774552,30,25,0.044514269297317645
Veracruz,San Luis Potosí,800.05,7.654647215414296,30,24,0.10897625466877364
Veracruz,Quintana Roo,1195.4,0.40136132338301783,30,23,0.005714026075964164
Veracruz,Querétaro,549.98,5.5160731821440585,30,22,0.078530202496914
Veracruz,Puebla,223.66,69.60221289703574,30,21,0.9908998108892001
Veracruz,Oaxaca,470.59,38.6111438439835,30,20,0.5496919356546548
Veracruz,Nuevo León,880.87,3.5973558331658397,30,19,0.05121416498723137
Veracruz,Nayarit,1105.87,2.541623597091764,30,18,0.03618411307461485
Veracruz,Morelos,367.36,3.7127647046687744,30,17,0.0528571964971112
Veracruz,Michoacán,750.24,16.569758820498684,30,16,0.23589725381290375
Veracruz,México,431.84,14.584281433286893,30,15,0.20763077943480626
Veracruz,Jalisco,912.79,17.331113066042782,30,14,0.24673636002128502
Veracruz,Hidalgo,422.19,12.307009943102496,30,13,0.17521014516121997
Veracruz,Guerrero,586.91,17.679828097203007,30,12,0.25170088117727263
Veracruz,Guanajuato,634.15,9.223312889288671,30,11,0.13130874173911933
Veracruz,Durango,1332.16,3.5602684406162908,30,10,0.050686166109981785
Veracruz,Ciudad de México,356.4,0.08596610288569699,30,9,0.0012238661896904505
Veracruz,Colima,1018.6,0.852387483381459,30,6,0.01213511124044995
Veracruz,Coahuila,1262.06,1.4021006883359972,30,5,0.019961165731541376
Veracruz,Chihuahua,1828.28,3.113973685740608,30,8,0.044332440132025266
Veracruz,Chiapas,667.56,27.388859792840297,30,7,0.389924613881811
Veracruz,Campeche,869.97,4.147297969913411,30,4,0.059043478691801515
Veracruz,Baja California Sur,3928.54,0.04404117506260187,30,3,0.0006269971919632591
Veracruz,Baja California,3123.25,0.12510450611282523,30,2,0.0017810645134511928
Veracruz,Aguascalientes,829.75,0.6327242377753112,30,1,0.009007850490099443
Tlaxcala,Zacatecas,782.94,0.07731483886666778,29,32,0.001100701486678922
Tlaxcala,Yucatán,1286.19,0.017175374900992836,29,31,0.0002445191759423174
Tlaxcala,Veracruz,232.89,4.009610413813593,29,30,0.05708327415774544
Tlaxcala,Tamaulipas,682.3,0.12298984390568504,29,28,0.0017509588847084753
Tlaxcala,Tabasco,696.9,0.16625416931481463,29,27,0.0023668963683280675
Tlaxcala,Sonora,2105.08,0.01752560381773299,29,26,0.00024950524970234476
Tlaxcala,Sinaloa,1351.56,0.04279349169094998,29,25,0.0006092344059028735
Tlaxcala,San Luis Potosí,580.15,0.14737642492299002,29,24,0.002098141215736212
Tlaxcala,Quintana Roo,1355.09,0.0031620950005671992,29,23,4.5017524697252355e-05
Tlaxcala,Querétaro,330.07,0.15504611111056701,29,22,0.0022073315744406434
Tlaxcala,Puebla,79.39,5.592645042329866,29,21,0.07962032648319867
Tlaxcala,Oaxaca,400.66,0.5392563328636836,29,20,0.007677184043643888
Tlaxcala,Nuevo León,861.77,0.0380516475664441,29,19,0.0005417266033393281
Tlaxcala,Nayarit,885.96,0.04009039448738163,29,18,0.0005707514554858606
Tlaxcala,Morelos,176.96,0.16198698108694884,29,17,0.002306146058359102
Tlaxcala,Michoacán,530.34,0.3357043900974772,29,16,0.004779293686457367
Tlaxcala,México,211.8,0.6138016202681988,29,15,0.008738456496304099
Tlaxcala,Jalisco,692.88,0.3045098341874329,29,14,0.004335188847466653
Tlaxcala,Hidalgo,202.28,0.5427648538615488,29,13,0.007727133501406509
Tlaxcala,Guerrero,396.51,0.39215877599672083,29,12,0.005583012964667397
Tlaxcala,Guanajuato,414.25,0.21882406047386244,29,11,0.0031153135958812564
Tlaxcala,Durango,1112.26,0.0517049421072132,29,10,0.0007361032821164311
Tlaxcala,Ciudad de México,136.35,0.005946227440247998,29,9,8.465414245897994e-05
Tlaxcala,Colima,798.7,0.014035445751969963,29,6,0.00019981721790867044
Tlaxcala,Coahuila,1279.62,0.013807858881387323,29,5,0.00019657715157119906
Tlaxcala,Chihuahua,1608.38,0.04073541999105169,29,8,0.0005799344343453243
Tlaxcala,Chiapas,827.25,0.18056359147762346,29,7,0.002570614082534032
Tlaxcala,Campeche,1029.65,0.029973931892815584,29,4,0.00042672728650358264
Tlaxcala,Baja California Sur,3708.64,0.0005003121753581109,29,3,7.122751121164857e-06
Tlaxcala,Baja California,2903.35,0.0014656721464552569,29,2,2.0866208016928366e-05
Tlaxcala,Aguascalientes,609.85,0.01185801808789217,29,1,0.00016881802160795216
Tamaulipas,Zacatecas,715.35,2.4085164545087827,28,32,0.034289118117937334
Tamaulipas,Yucatán,1827.37,0.22127403925966843,28,31,0.0031501929971889282
Tamaulipas,Veracruz,703.04,11.442232050401579,28,30,0.16289863645091293
Tamaulipas,Tlaxcala,684.76,0.12210774929844523,28,29,0.0017384008446244144
Tamaulipas,Tabasco,1238.08,1.3698815636264097,28,27,0.019502474502442458
Tamaulipas,Sonora,2161.61,0.4322375381583672,28,26,0.006153598815226468
Tamaulipas,Sinaloa,1408.09,1.0253084064641111,28,25,0.014596919606153268
Tamaulipas,San Luis Potosí,376.39,9.105408192463562,28,24,0.12963017812850855
Tamaulipas,Quintana Roo,1896.27,0.041993087624198504,28,23,0.0005978393624787188
Tamaulipas,Querétaro,714.5,0.8604694985556118,28,22,0.012250171767613345
Tamaulipas,Puebla,759.63,1.5885892034368956,28,21,0.022616130662323885
Tamaulipas,Oaxaca,1080.89,1.9268645736104784,28,20,0.027432026398704314
Tamaulipas,Nuevo León,327.96,6.832527925069798,28,19,0.09727205999703468
Tamaulipas,Nayarit,1020.99,0.7850413709805075,28,18,0.011176330660571753
Tamaulipas,Morelos,854.67,0.18059277587205816,28,17,0.0025710295694808196
Tamaulipas,Michoacán,891.9,3.086742658663555,28,16,0.04394476252153194
Tamaulipas,México,833.43,1.0308812632865794,28,15,0.014676258215396417
Tamaulipas,Jalisco,827.91,5.546488028074097,28,14,0.07896320690619742
Tamaulipas,Hidalgo,745.95,1.0379229943713613,28,13,0.01477650861994268
Tamaulipas,Guerrero,1074.22,1.3894749533500976,28,12,0.019781418021100436
Tamaulipas,Guanajuato,626.97,2.4842399857996984,28,11,0.03536716477353765
Tamaulipas,Durango,1045.58,1.521588166303471,28,10,0.02166226278569322
Tamaulipas,Ciudad de México,765.11,0.004911012135903765,28,9,6.991618217570863e-05
Tamaulipas,Colima,999.03,0.23329395275706857,28,6,0.0033213158611860526
Tamaulipas,Coahuila,709.16,1.169140966373387,28,5,0.01664460818503006
Tamaulipas,Chihuahua,1224.37,1.8280628770295975,28,8,0.026025424821217738
Tamaulipas,Chiapas,1368.43,1.7160325658522622,28,7,0.024430492569225967
Tamaulipas,Campeche,1570.84,0.3349083866031636,28,4,0.004767961292282639
Tamaulipas,Baja California Sur,3555.56,0.014155374610457372,28,3,0.00020152459872673626
Tamaulipas,Baja California,2750.27,0.04247681262964434,28,2,0.0006047259684710848
Tamaulipas,Aguascalientes,638.46,0.2813570100633589,28,1,0.00400557103660718
Tabasco,Zacatecas,1469.12,0.8053148730296009,27,32,0.01146495667561278
Tabasco,Yucatán,664.16,2.3622806622570827,27,31,0.03363087700904763
Tabasco,Veracruz,536.48,27.711321113087774,27,30,0.3945153710999039
Tabasco,Tlaxcala,703.29,0.16324676727064852,27,29,0.002324081147478115
Tabasco,Tamaulipas,1235.6,1.375386121221031,27,28,0.019580840761969406
Tabasco,Sonora,2791.26,0.3655695886863715,27,26,0.005204472978927307
Tabasco,Sinaloa,2037.73,0.6904234752169705,27,25,0.009829292238711235
Tabasco,San Luis Potosí,1266.33,1.1344236267215493,27,24,0.01615035083510251
Tabasco,Quintana Roo,697.07,0.43824690102897995,27,23,0.006239151792412173
Tabasco,Querétaro,1016.25,0.5998357014577083,27,22,0.008539629106596228
Tabasco,Puebla,642.15,3.134991229961391,27,21,0.044631658787968556
Tabasco,Oaxaca,632.63,7.9324639277962365,27,20,0.11293142385525289
Tabasco,Nuevo León,1415.07,0.5175601196709904,27,19,0.007368303439783561
Tabasco,Nayarit,1572.14,0.4669243979199012,27,18,0.00664742223473312
Tabasco,Morelos,802.51,0.28886163779284324,27,17,0.004112411521821934
Tabasco,Michoacán,1216.51,2.3398869036848584,27,16,0.03331206572114876
Tabasco,México,871.23,1.3303770458278328,27,15,0.018940063946993782
Tabasco,Jalisco,1379.06,2.819106574132199,27,14,0.040134530999991605
Tabasco,Hidalgo,888.46,1.0318160801843015,27,13,0.01468956684235831
Tabasco,Guerrero,1022.05,2.164643525310205,27,12,0.030817193456844298
Tabasco,Guanajuato,1100.42,1.1372700459678424,27,11,0.016190874206062505
Tabasco,Durango,1798.44,0.725292575164232,27,10,0.010325710141324924
Tabasco,Ciudad de México,795.78,0.006402155307016257,27,9,9.114501132874002e-05
Tabasco,Colima,1484.87,0.14892827422679827,27,6,0.0021202342946437308
Tabasco,Coahuila,1796.27,0.2569837067672397,27,5,0.0036585777353654865
Tabasco,Chihuahua,2294.55,0.7340318743987574,27,8,0.01045012816768288
Tabasco,Chiapas,378.92,31.56233483771079,27,7,0.44934076547501833
Tabasco,Campeche,371.64,8.43798025975931,27,4,0.12012826454312915
Tabasco,Baja California Sur,4394.81,0.01306624099220154,27,3,0.00018601902424221096
Tabasco,Baja California,3589.53,0.035165831486161724,27,2,0.0005006423548766675
Tabasco,Aguascalientes,1296.02,0.09629310739287761,27,1,0.0013708877625297389
Sonora,Zacatecas,1485.71,0.7573713889046693,26,32,0.010782403817371868
Sonora,Yucatán,3373.94,0.08804383320463346,26,31,0.0012534460334112038
Sonora,Veracruz,2327.32,1.4162790318086411,26,30,0.02016301732908395
Sonora,Tlaxcala,2107.31,0.01748853151440496,26,29,0.0002489774656445115
Sonora,Tamaulipas,2163.82,0.4313550644373684,26,28,0.0061410353778463085
Sonora,Tabasco,2784.65,0.3673071736154939,26,27,0.005229210304164629
Sonora,Sinaloa,776.4,4.574403816449241,26,25,0.0651240195962711
Sonora,San Luis Potosí,1867.43,0.5017381419676601,26,24,0.007143052056794977
Sonora,Quintana Roo,3442.84,0.01727963974483128,26,23,0.0002460035542363631
Sonora,Querétaro,1880.03,0.16857788269101187,26,22,0.0023999781777877868
Sonora,Puebla,2168.41,0.26443761213990646,26,21,0.0037646961059852237
Sonora,Oaxaca,2486.25,0.4939861865986,26,20,0.007032690463542383
Sonora,Nuevo León,1859.34,0.2883339312098641,26,19,0.004104898767104601
Sonora,Nayarit,1263.15,0.6956901838741228,26,18,0.009904272334819688
Sonora,Morelos,2066.07,0.041917699243285735,26,17,0.0005967660872295508
Sonora,Michoacán,1750.52,1.0868980383010816,26,16,0.015473747396532166
Sonora,México,1928.22,0.26123053836294835,26,15,0.003719038235828184
Sonora,Jalisco,1471.19,2.3825225246836936,26,14,0.03391905258300885
Sonora,Hidalgo,2025.63,0.19092136755591896,26,13,0.002718073738341222
Sonora,Guerrero,2215.05,0.4432618244613174,26,12,0.006310547319564136
Sonora,Guanajuato,1756.06,0.4295350176948624,26,11,0.0061151240756348885
Sonora,Durango,1343.62,1.2498242430379443,26,10,0.017793264819081354
Sonora,Ciudad de México,2000.65,0.0009742417439621402,26,9,1.3869903264146983e-05
Sonora,Colima,1645.83,0.11659523440579858,26,6,0.0016599213001201607
Sonora,Coahuila,1356.61,0.4333467263355761,26,5,0.006169389898717775
Sonora,Chihuahua,851.15,5.130911091137588,26,8,0.07304679863295073
Sonora,Chiapas,2915.01,0.5129568194950854,26,7,0.007302768033883202
Sonora,Campeche,3117.41,0.11534327679404995,26,4,0.0016420976633550737
Sonora,Baja California Sur,1664.93,0.08756602590178075,26,3,0.0012466436754640703
Sonora,Baja California,859.64,0.5897386076199496,26,2,0.008395880683120577
Sonora,Aguascalientes,1636.46,0.05809042393084073,26,1,0.0008270109195047593
Sinaloa,Zacatecas,732.54,3.1358298048789974,25,32,0.044643597255047206
Sinaloa,Yucatán,2620.77,0.146877076344174,25,31,0.0020910321829666853
Sinaloa,Veracruz,1574.15,3.116068422558817,25,30,0.044362262090704895
Sinaloa,Tlaxcala,1354.13,0.0426312105082731,25,29,0.0006069240714101574
Sinaloa,Tamaulipas,1410.65,1.0215903930223071,25,28,0.014543987685413663
Sinaloa,Tabasco,2031.48,0.6946782891021667,25,27,0.00988986637994503
Sinaloa,Sonora,776.15,4.577351146559611,25,26,0.06516597959621123
Sinaloa,San Luis Potosí,1114.26,1.4185050401785217,25,24,0.020194708150121716
Sinaloa,Quintana Roo,2689.67,0.028497617307994372,25,23,0.00040570956620385054
Sinaloa,Querétaro,1126.85,0.4723197649572109,25,22,0.006724233990486588
Sinaloa,Puebla,1415.23,0.6248707002747099,25,21,0.008896042711291186
Sinaloa,Oaxaca,1733.08,1.0233056221282535,25,20,0.014568406739434662
Sinaloa,Nuevo León,1106.17,0.8199885915263875,25,19,0.011673860735962365
Sinaloa,Nayarit,509.97,4.296102703376512,25,18,0.06116195418432834
Sinaloa,Morelos,1312.9,0.10448703077921488,25,17,0.0014875414836689413
Sinaloa,Michoacán,997.35,3.3702798118045854,25,16,0.047981371412733946
Sinaloa,México,1175.05,0.7080478397774245,25,15,0.010080203506946788
Sinaloa,Jalisco,718.01,10.068197865751793,25,14,0.14333704268752334
Sinaloa,Hidalgo,1272.45,0.4870028571673367,25,13,0.006933271500771007
Sinaloa,Guerrero,1461.88,1.0243352836724173,25,12,0.014583065632980206
Sinaloa,Guanajuato,1002.89,1.3255888993149139,25,11,0.01887189695521753
Sinaloa,Durango,590.45,6.514390585208734,25,10,0.09274286161692762
Sinaloa,Ciudad de México,1247.48,0.0025222026159905583,25,9,3.590762407089688e-05
Sinaloa,Colima,892.65,0.39895738986207585,25,6,0.005679802203300583
Sinaloa,Coahuila,1042.26,0.7389781388315816,25,5,0.010520546223188442
Sinaloa,Chihuahua,784.61,6.077671214167947,25,8,0.08652545667872347
Sinaloa,Chiapas,2161.83,0.9387631016469199,25,7,0.013364807542366353
Sinaloa,Campeche,2364.24,0.2018529942209255,25,4,0.002873703083216946
Sinaloa,Baja California Sur,2379.71,0.043143732104266794,25,3,0.0006142206433352206
Sinaloa,Baja California,1574.42,0.17696597738446018,25,2,0.0025193962407990076
Sinaloa,Aguascalientes,883.29,0.20069977754858026,25,1,0.002857285183052886
San Luis Potosí,Zacatecas,342.6,9.097052075667714,24,32,0.12951121532246926
San Luis Potosí,Yucatán,1849.57,0.18712444175062554,24,31,0.0026640183727741624
San Luis Potosí,Veracruz,802.95,7.599454762569685,24,30,0.10819050104385455
San Luis Potosí,Tlaxcala,582.94,0.145969088820071,24,29,0.0020781055154302035
San Luis Potosí,Tamaulipas,374.7,9.187729207759054,24,28,0.1308021506146302
San Luis Potosí,Tabasco,1260.28,1.145341417306111,24,27,0.016305783201047166
San Luis Potosí,Sonora,1785.59,0.5487850728912381,24,26,0.007812841033534195
San Luis Potosí,Sinaloa,1032.07,1.653429399478847,24,25,0.023539235479278987
San Luis Potosí,Quintana Roo,1918.47,0.03554321835567584,24,23,0.0005060150659165708
San Luis Potosí,Querétaro,341.75,3.2584534231645823,24,22,0.046389342327111005
San Luis Potosí,Puebla,644.03,1.9146625553283676,24,21,0.02725831097925211
San Luis Potosí,Oaxaca,961.88,2.10795345886845,24,20,0.030010118885816922
San Luis Potosí,Nuevo León,483.06,2.7284100100713715,24,19,0.038843319062389525
San Luis Potosí,Nayarit,648.24,1.6871453014542994,24,18,0.024019235747960926
San Luis Potosí,Morelos,593.72,0.3242071237424842,24,17,0.004615611547877108
San Luis Potosí,Michoacán,519.15,7.892882770849219,24,16,0.11236792221786104
San Luis Potosí,México,460.69,2.922926881437501,24,15,0.04161258059918278
San Luis Potosí,Jalisco,455.16,15.898083601510345,24,14,0.2263348732538389
San Luis Potosí,Hidalgo,476.25,2.2059883275314993,24,13,0.031405803430537775
San Luis Potosí,Guerrero,747.51,2.485946591478597,24,12,0.03539146105915984
San Luis Potosí,Guanajuato,254.22,13.090500688199105,24,11,0.18636440016024075
San Luis Potosí,Durango,671.92,3.192016574427297,24,10,0.04544350658267515
San Luis Potosí,Ciudad de México,504.31,0.009792920332399879,24,9,0.00013941802281176199
San Luis Potosí,Colima,626.28,0.5142947286443155,24,6,0.007321815329475946
San Luis Potosí,Coahuila,717.78,0.9886925284581749,24,5,0.014075633499269023
San Luis Potosí,Chihuahua,1172.64,1.7265362364444348,24,8,0.024580029268853942
San Luis Potosí,Chiapas,1390.63,1.4395810717345048,24,7,0.020494759467656876
San Luis Potosí,Campeche,1593.04,0.2821143531234836,24,4,0.004016353037118658
San Luis Potosí,Baja California Sur,3547.26,0.01232082998076434,24,3,0.00017540689569738269
San Luis Potosí,Baja California,2741.97,0.037022505268858065,24,2,0.0005270751021066783
San Luis Potosí,Aguascalientes,265.71,1.407336482071568,24,1,0.02003570570385672
Quintana Roo,Zacatecas,2124.88,0.027682745776877984,23,32,0.0003941085550797256
Quintana Roo,Yucatán,202.68,1.8241176920794797,23,31,0.025969258747492785
Quintana Roo,Veracruz,1192.25,0.4034849691508656,23,30,0.00574425960018945
Quintana Roo,Tlaxcala,1359.05,0.0031436944221467406,23,29,4.4755562772219065e-05
Quintana Roo,Tamaulipas,1891.37,0.04221095368956196,23,28,0.0006009410374683802
Quintana Roo,Tabasco,689.85,0.44746832786774043,23,27,0.006370433683178688
Quintana Roo,Sonora,3447.02,0.017237757133038527,23,26,0.0002454072876756091
Quintana Roo,Sinaloa,2693.5,0.028416631026387563,23,25,0.0004045565958055168
Quintana Roo,San Luis Potosí,1922.09,0.035409462613329216,23,24,0.0005041108370956758
Quintana Roo,Querétaro,1672.02,0.01593485852519112,23,22,0.00022685842363254094
Quintana Roo,Puebla,1297.91,0.0551845959203537,23,21,0.0007856417689243362
Quintana Roo,Oaxaca,1288.4,0.13753206348957536,23,20,0.001957990845846019
Quintana Roo,Nuevo León,2070.84,0.01737885989225306,23,19,0.0002474161131367831
Quintana Roo,Nayarit,2227.9,0.016719963907360996,23,18,0.00023803566559568197
Quintana Roo,Morelos,1458.27,0.00629089754127992,23,17,8.956107750768208e-05
Quintana Roo,Michoacán,1872.28,0.07103663110481281,23,16,0.0010113210686576132
Quintana Roo,México,1527.0,0.03114297032202284,23,15,0.00044337043490659864
Quintana Roo,Jalisco,2034.82,0.09311583513618982,23,14,0.0013256541651015526
Quintana Roo,Hidalgo,1544.22,0.024561643621307735,23,13,0.00034967462967715917
Quintana Roo,Guerrero,1677.82,0.05776139293179672,23,12,0.0008223266323081481
Quintana Roo,Guanajuato,1756.19,0.0321096277550948,23,11,0.00045713236326716143
Quintana Roo,Durango,2454.2,0.028008055265230605,23,10,0.0003987398605666062
Quintana Roo,Ciudad de México,1451.55,0.00013837128211647144,23,9,1.9699384771651004e-06
Quintana Roo,Colima,2140.64,0.0051530513472922675,23,6,7.336200090488373e-05
Quintana Roo,Coahuila,2452.04,0.009917254111828979,23,5,0.0001411881147872239
Quintana Roo,Chihuahua,2950.32,0.03192783304243674,23,8,0.0004545442221880837
Quintana Roo,Chiapas,836.28,0.4659705600711768,23,7,0.006633842813841458
Quintana Roo,Campeche,366.02,0.6255636347768031,23,4,0.008905907752049278
Quintana Roo,Baja California Sur,5050.58,0.000711452783384461,23,3,1.0128678373418232e-05
Quintana Roo,Baja California,4245.29,0.0018079193788383392,23,2,2.5738649620867536e-05
Quintana Roo,Aguascalientes,1951.79,0.0030531641311130854,23,1,4.346671799945734e-05
Querétaro,Zacatecas,548.67,1.2078620673132843,22,32,0.017195865537372085
Querétaro,Yucatán,1598.88,0.08527165584757522,22,31,0.0012139796155413586
Querétaro,Veracruz,552.26,5.470621092281971,22,30,0.07788311865612452
Querétaro,Tlaxcala,332.25,0.1530181703629346,22,29,0.002178460565607977
Querétaro,Tamaulipas,711.43,0.8679118078064125,22,28,0.012356125048726787
Querétaro,Tabasco,1009.59,0.6077757215522898,22,27,0.008652668104678319
Querétaro,Sonora,1878.7,0.1688166519960431,22,26,0.002403377444123637
Querétaro,Sinaloa,1125.17,0.4737312664965778,22,25,0.006744328992501791
Querétaro,San Luis Potosí,340.7,3.278568763623021,22,24,0.04667571665669913
Querétaro,Quintana Roo,1667.78,0.01601598395412087,22,23,0.00022801337501754523
Querétaro,Puebla,393.34,1.747964414015709,22,21,0.02488509395314044
Querétaro,Oaxaca,711.19,1.31309424601334,22,20,0.01869401540406669
Querétaro,Nuevo León,805.45,0.33419426304862154,22,19,0.00475779459117223
Querétaro,Nayarit,659.58,0.5549496165158034,22,18,0.007900603259152457
Querétaro,Morelos,343.03,0.3307395094580472,22,17,0.004708610599211614
Querétaro,Michoacán,383.36,4.929151313294355,22,16,0.07017442263528441
Querétaro,México,210.0,4.790284487755102,22,15,0.06819742929788593
Querétaro,Jalisco,466.5,5.153876784336161,22,14,0.07337375233313077
Querétaro,Hidalgo,180.05,5.255951025205825,22,13,0.07482694385915359
Querétaro,Guerrero,496.82,1.9164259393863163,22,12,0.027283415596717812
Querétaro,Guanajuato,179.97,8.894874543971845,22,11,0.12663289192462204
Querétaro,Durango,877.99,0.636627667694727,22,10,0.009063422113586333
Querétaro,Ciudad de México,253.62,0.01318574760828863,22,9,0.0001877203937583769
Querétaro,Colima,567.68,0.2131603108373207,22,6,0.003034680980764906
Querétaro,Coahuila,1040.17,0.16032442252294754,22,5,0.002282476854492004
Querétaro,Chihuahua,1374.11,0.4281801005406231,22,8,0.006095834643646679
Querétaro,Chiapas,1139.94,0.7295577974494328,22,7,0.010386432462927805
Querétaro,Campeche,1342.35,0.13530423284357615,22,4,0.001926274081767275
Querétaro,Baja California Sur,3482.26,0.004353795170765434,22,3,6.198329955031524e-05
Querétaro,Baja California,2676.97,0.013227219685158375,22,2,0.0001883108156920617
Querétaro,Aguascalientes,375.57,0.2398812648664649,22,1,0.003415096878366139
Puebla,Zacatecas,844.84,1.0630818708056018,21,32,0.015134685822408256
Puebla,Yucatán,1224.09,0.30358870694832696,21,31,0.004322075114884827
Puebla,Veracruz,222.64,70.241423130939,21,30,1.0
Puebla,Tlaxcala,78.0,5.793748707758054,21,29,0.08248336166193224
Puebla,Tamaulipas,757.11,1.599181870514012,21,28,0.022766934370519975
Puebla,Tabasco,634.8,3.208008186280583,21,27,0.04567117298151043
Puebla,Sonora,2166.98,0.264786734471839,21,26,0.0037696664257249263
Puebla,Sinaloa,1413.46,0.626436664143379,21,25,0.008918336733804794
Puebla,San Luis Potosí,642.05,1.9264899126619075,21,24,0.02742669249554759
Puebla,Quintana Roo,1292.99,0.055605364486963293,21,23,0.0007916320884232055
Puebla,Querétaro,391.97,1.7602046171088233,21,22,0.02505935299499238
Puebla,Oaxaca,336.4,12.24703849176459,21,20,0.17435635478134523
Puebla,Nuevo León,936.58,0.5157773648399785,21,19,0.007342923048106578
Puebla,Nayarit,947.86,0.5607586683335698,21,18,0.007983304485278493
Puebla,Morelos,178.23,2.556610371200526,21,17,0.036397473986748204
Puebla,Michoacán,592.23,4.310035154144116,21,16,0.06136030510244161
Puebla,México,246.95,7.228658544090096,21,15,0.10291161855611826
Puebla,Jalisco,754.78,4.108397308478483,21,14,0.05848966500607348
Puebla,Hidalgo,264.18,5.094640755871233,21,13,0.07253043188453302
Puebla,Guerrero,397.78,6.238499873800574,21,12,0.08881511216211
Puebla,Guanajuato,476.15,2.651724242291352,21,11,0.03775157341769968
Puebla,Durango,1174.16,0.742824059059431,21,10,0.010575299103418107
Puebla,Ciudad de México,171.51,0.060168437988962216,21,9,0.0008565948027106534
Puebla,Colima,860.6,0.19354712517962352,21,6,0.0027554556350435403
Puebla,Coahuila,1341.52,0.2011360443056359,21,5,0.0028634961443006726
Puebla,Chihuahua,1670.28,0.6047373526144454,21,8,0.008609412020128602
Puebla,Chiapas,765.15,3.3791416753928996,21,7,0.04810753434043822
Puebla,Campeche,967.56,0.5434542404265249,21,4,0.00773694803155478
Puebla,Baja California Sur,3770.54,0.007749240738887134,21,3,0.00011032294611174887
Puebla,Baja California,2965.25,0.022496182255464382,21,2,0.00032026945430089907
Puebla,Aguascalientes,671.75,0.15647272437873347,21,1,0.0022276417162996297
Oaxaca,Zacatecas,1163.0,1.3776997694320956,20,32,0.019613779277562287
Oaxaca,Yucatán,1223.04,0.7468430740158741,20,31,0.010632516266415376
Oaxaca,Veracruz,471.58,38.449199278863524,20,30,0.547386393456028
Oaxaca,Tlaxcala,400.08,0.5408209968559178,20,29,0.007699459560318963
Oaxaca,Tamaulipas,1079.19,1.9329399630851367,20,28,0.027518519371139298
Oaxaca,Tabasco,633.75,7.904451275742135,20,27,0.11253261855197931
Oaxaca,Sonora,2485.14,0.49442756786732434,20,26,0.007038974238116561
Oaxaca,Sinaloa,1731.62,1.0250319316485423,20,25,0.014592983541033212
Oaxaca,San Luis Potosí,960.21,2.1152921525268193,20,24,0.030114597031777733
Oaxaca,Quintana Roo,1291.94,0.13677940239718928,20,23,0.0019472755007001348
Oaxaca,Querétaro,710.14,1.3169801509188384,20,22,0.01874933753070206
Oaxaca,Puebla,336.03,12.27402357636302,20,21,0.17474053100380196
Oaxaca,Nuevo León,1258.66,0.7013479697643522,20,19,0.009984820046384167
Oaxaca,Nayarit,1266.02,0.7719365821289743,20,18,0.010989762845351038
Oaxaca,Morelos,496.39,0.8094284783640858,20,17,0.011523520485272738
Oaxaca,Michoacán,910.4,4.479148779216189,20,16,0.063767910437499
Oaxaca,México,565.12,3.3899460297318362,20,15,0.04826135175838541
Oaxaca,Jalisco,1072.95,4.992896952664944,20,14,0.07108194467184337
Oaxaca,Hidalgo,582.35,2.574800856959559,20,13,0.03665644490374007
Oaxaca,Guerrero,715.94,4.729455789770169,20,12,0.0673314346287355
Oaxaca,Guanajuato,794.31,2.3400990668376442,20,11,0.03331508620597564
Oaxaca,Durango,1492.32,1.1293146772133236,20,10,0.01607761669503957
Oaxaca,Ciudad de México,489.67,0.01812754548154531,20,9,0.00025807486058124484
Oaxaca,Colima,1178.76,0.2533593847206669,20,6,0.0036069796628176594
Oaxaca,Coahuila,1659.68,0.3227259251436122,20,5,0.004594524295756505
Oaxaca,Chihuahua,1988.44,1.0478973489576575,20,8,0.01491850965212141
Oaxaca,Chiapas,624.89,12.442016804595784,20,7,0.17713218568197678
Oaxaca,Campeche,966.51,1.3375328502690638,20,4,0.019041938369838144
Oaxaca,Baja California Sur,4088.7,0.016184307918587642,20,3,0.0002304097382596879
Oaxaca,Baja California,3283.41,0.04505879624835052,20,2,0.0006414846715784097
Oaxaca,Aguascalientes,989.91,0.17695422599708546,20,1,0.0025192289408376613
Nuevo León,Zacatecas,476.05,2.684218449638316,19,32,0.03821418089201566
Nuevo León,Yucatán,2012.9,0.09000678747025793,19,31,0.001281391854810142
Nuevo León,Veracruz,888.57,3.5352794119635678,19,30,0.050330406964752904
Nuevo León,Tlaxcala,870.29,0.03731025537765089,19,29,0.0005311716892196191
Nuevo León,Tamaulipas,325.38,6.941310331010921,19,28,0.09882075307716119
Nuevo León,Tabasco,1423.61,0.5113692301595754,19,27,0.007280166137954206
Nuevo León,Sonora,1854.28,0.2899097022112182,19,26,0.004127332409976795
Nuevo León,Sinaloa,1100.76,0.8280685355934724,19,25,0.011788891777574704
Nuevo León,San Luis Potosí,484.88,2.707966243307502,19,24,0.03855226905439411
Nuevo León,Quintana Roo,2081.8,0.017196353487172415,19,23,0.00024481783996768133
Nuevo León,Querétaro,808.29,0.3318499452612984,19,22,0.004724419444672806
Nuevo León,Puebla,945.16,0.5064555919819955,19,21,0.007210212569837851
Nuevo León,Oaxaca,1266.42,0.6927792707810903,19,20,0.009862830789883927
Nuevo León,Nayarit,1063.51,0.3570989563255062,19,18,0.005083879859037424
Nuevo León,Morelos,1040.21,0.06017158614608398,19,17,0.0008566396218071556
Nuevo León,Michoacán,985.69,1.2473498123351254,19,16,0.017758037305279334
Nuevo León,México,927.22,0.41107166168808706,19,15,0.005852268410362314
Nuevo León,Jalisco,870.43,2.4765827873092587,19,14,0.03525815219735215
Nuevo León,Hidalgo,931.49,0.32852194980544386,19,13,0.00467704005929716
Nuevo León,Guerrero,1214.05,0.5369084749170672,19,12,0.007643758497264514
Nuevo León,Guanajuato,720.75,0.9277991760894807,19,11,0.01320871837063928
Nuevo León,Durango,738.25,1.506402268400677,19,10,0.021446067025045187
Nuevo León,Ciudad de México,970.85,0.0015053958323137694,19,9,2.143173878336034e-05
Nuevo León,Colima,1041.55,0.10593427782838279,19,6,0.0015081453806952024
Nuevo León,Coahuila,389.54,1.912438317530453,19,5,0.02722664536516328
Nuevo León,Chihuahua,917.03,1.608368716733925,19,8,0.022897723950377827
Nuevo León,Chiapas,1553.97,0.6567826224276996,19,7,0.00935036041629414
Nuevo León,Campeche,1756.37,0.13221907693825263,19,4,0.0018823519092399275
Nuevo León,Baja California Sur,3228.41,0.008474151778995263,19,3,0.00012064322448590429
Nuevo León,Baja California,2423.12,0.027007784204921753,19,2,0.00038449938798329567
Nuevo León,Aguascalientes,608.66,0.15279594169602728,19,1,0.002175296781945834
Nayarit,Zacatecas,647.59,1.615232627773226,18,32,0.022995442799645813
Nayarit,Yucatán,2155.09,0.08743819578912773,18,31,0.001244823807543474
Nayarit,Veracruz,1108.46,2.5297600846378887,18,30,0.03601521683184141
Nayarit,Tlaxcala,888.45,0.039865991998330526,18,29,0.0005675567239578164
Nayarit,Tamaulipas,1019.3,0.787646727142891,18,28,0.011213422109552318
Nayarit,Tabasco,1565.8,0.47071325203051345,18,27,0.006701362686701887
Nayarit,Sonora,1263.35,0.6954699329169772,18,26,0.00990113670704724
Nayarit,Sinaloa,509.83,4.298462458426475,18,25,0.061195549105171054
Nayarit,San Luis Potosí,648.57,1.6854288597224822,18,24,0.023994799430253958
Nayarit,Quintana Roo,2223.99,0.016778806372363127,18,23,0.00023887338303333185
Nayarit,Querétaro,661.17,0.5522837093620101,18,22,0.007862649769103947
Nayarit,Puebla,949.55,0.5587643788034241,18,21,0.007954912555826437
Nayarit,Oaxaca,1267.4,0.7702564613684656,18,20,0.010965843615278253
Nayarit,Nuevo León,1062.43,0.357825334336787,18,19,0.005094221022113331
Nayarit,Morelos,847.21,0.10100984683848603,18,17,0.0014380381594802081
Nayarit,Michoacán,531.66,4.77434000021473,18,16,0.0679704337896849
Nayarit,México,709.37,0.7820775778348351,18,15,0.011134136282759284
Nayarit,Jalisco,252.33,32.81671662393968,18,14,0.46719891427548565
Nayarit,Hidalgo,806.77,0.48767855098971835,18,13,0.006942891092633803
Nayarit,Guerrero,996.19,0.8879763526335349,18,12,0.012641776220539174
Nayarit,Guanajuato,537.2,1.8597887956997174,18,11,0.026477094466506368
Nayarit,Durango,582.9,2.690742335988964,18,10,0.03830705894117601
Nayarit,Ciudad de México,781.8,0.002585091962641263,18,9,3.680295539887227e-05
Nayarit,Colima,426.97,0.7019632631947528,18,6,0.009993579741204893
Nayarit,Coahuila,1034.71,0.3018329261559638,18,5,0.0042970787421733846
Nayarit,Chihuahua,1225.52,1.0028229131763748,18,8,0.014276802326555723
Nayarit,Chiapas,1696.15,0.6138902714313106,18,7,0.008739718588658726
Nayarit,Campeche,1898.55,0.12600692511130282,18,4,0.0017939119040400106
Nayarit,Baja California Sur,2866.91,0.0119662435377681,18,3,0.00017035878551978497
Nayarit,Baja California,2061.62,0.04154644918584521,18,2,0.0005914807436118901
Nayarit,Aguascalientes,474.5,0.27996340026271344,18,1,0.003985730752362831
Morelos,Zacatecas,801.66,0.16990911973968914,17,32,0.002418930485263045
Morelos,Yucatán,1380.15,0.034366966842297064,17,31,0.0004892692276213231
Morelos,Veracruz,363.76,3.7866161007353663,17,30,0.05390859028691132
Morelos,Tlaxcala,176.97,0.16196867488765998,17,29,0.002305885440073298
Morelos,Tamaulipas,852.15,0.18166246243607412,17,28,0.002586258283768426
Morelos,Tabasco,790.86,0.29743464541443215,17,27,0.004234462118741187
Morelos,Sonora,2068.37,0.04182452722421248,17,26,0.0005954396331954467
Morelos,Sinaloa,1314.85,0.10417733975193628,17,25,0.001483132532177436
Morelos,San Luis Potosí,598.87,0.31865504227695574,17,24,0.004536568709363162
Morelos,Quintana Roo,1449.05,0.006371207541384879,17,23,9.070441994758752e-05
Morelos,Querétaro,348.8,0.3198875458403254,17,22,0.004554115386358476
Morelos,Puebla,174.61,2.6637161012113086,17,21,0.03792229687951796
Morelos,Oaxaca,492.46,0.8223990622555155,17,20,0.01170817767633293
Morelos,Nuevo León,1031.62,0.061177820717906985,17,19,0.0008709649945996069
Morelos,Nayarit,849.25,0.10052515423425525,17,18,0.0014311377781578186
Morelos,Michoacán,493.63,0.8927708431423672,17,16,0.01271003352933394
Morelos,México,148.73,2.8678741322759644,17,15,0.04082881588161846
Morelos,Jalisco,656.17,0.7822794707785564,17,14,0.011137010554588102
Morelos,Hidalgo,260.93,0.751530965399421,17,13,0.010699255964653097
Morelos,Guerrero,241.05,2.4447432558095907,17,12,0.03480486509010896
Morelos,Guanajuato,432.97,0.46151072283824474,17,11,0.006570349834426471
Morelos,Durango,1130.98,0.11521582788012373,17,10,0.0016402832224134566
Morelos,Ciudad de México,107.38,0.022089317755493006,17,9,0.0003144770816262605
Morelos,Colima,761.99,0.03552812887781719,17,6,0.0005058002428508349
Morelos,Coahuila,1298.34,0.030902157697417935,17,5,0.0004399420786195115
Morelos,Chihuahua,1627.1,0.09170612372131462,17,8,0.0013055846483970388
Morelos,Chiapas,921.21,0.3354777713349419,17,7,0.0047760674027000904
Morelos,Campeche,1123.62,0.05799109945486029,17,4,0.0008255968753189619
Morelos,Baja California Sur,3671.93,0.0011758690021121125,17,3,1.674039263014564e-05
Morelos,Baja California,2866.64,0.0034639100734598707,17,2,4.93143492694147e-05
Morelos,Aguascalientes,628.57,0.025717465532251807,17,1,0.0003661296196164927
Michoacán,Zacatecas,622.08,5.252186017818044,16,32,0.07477334290376346
Michoacán,Yucatán,1798.6,0.3766691600367381,16,31,0.005362493287395084
Michoacán,Veracruz,751.98,16.49316629408255,16,30,0.23480683560948326
Michoacán,Tlaxcala,531.96,0.33366283426269744,16,29,0.00475022884488982
Michoacán,Tamaulipas,889.58,3.102863931915544,16,28,0.04417427485959971
Michoacán,Tabasco,1209.31,2.3678323240719665,16,27,0.0337099138731575
Michoacán,Sonora,1750.45,1.086984969528991,16,26,0.015474985002833898
Michoacán,Sinaloa,996.92,3.373187834241859,16,25,0.04802277180452061
Michoacán,San Luis Potosí,518.85,7.902012767507595,16,24,0.11249790245247783
Michoacán,Quintana Roo,1867.5,0.07140074318457229,16,23,0.001016504791645126
Michoacán,Querétaro,379.13,5.039755194765039,16,22,0.07174904735871156
Michoacán,Puebla,593.06,4.297979625516131,16,21,0.061188675199591945
Michoacán,Oaxaca,910.91,4.474134614496554,16,20,0.06369652571184663
Michoacán,Nuevo León,983.6,1.252656300348902,16,19,0.0178335837247174
Michoacán,Nayarit,531.33,4.780272364162401,16,18,0.06805489056295687
Michoacán,Morelos,490.72,0.9033906108093305,16,17,0.01286122305815608
Michoacán,México,352.88,9.482844114891046,16,15,0.13500358751578553
Michoacán,Jalisco,338.25,54.79671481301359,16,14,0.7801196554754521
Michoacán,Hidalgo,450.28,4.697481210234538,16,13,0.06687622489478655
Michoacán,Guerrero,649.99,6.258491063521838,16,12,0.0890997190056245
Michoacán,Guanajuato,282.03,20.24614070531839,16,11,0.2882364821620569
Michoacán,Durango,951.4,3.0306177255482543,16,10,0.04314573353530715
Michoacán,Ciudad de México,425.31,0.02620917628980371,16,9,0.0003731299156759175
Michoacán,Colima,329.97,3.52660991487939,16,6,0.050206982684638066
Michoacán,Coahuila,1218.32,0.6532484531919445,16,5,0.009300045814479097
Michoacán,Chihuahua,1447.52,2.156816212584291,16,8,0.030705759030020076
Michoacán,Chiapas,1339.66,2.9527543260723523,16,7,0.04203722240319705
Michoacán,Campeche,1542.07,0.5730962227720061,16,4,0.008158949480617461
Michoacán,Baja California Sur,3354.01,0.026233393923444964,16,3,0.00037347469276843327
Michoacán,Baja California,2548.72,0.08156505369540018,16,2,0.0011612101529229054
Michoacán,Aguascalientes,448.99,0.9382046623977454,16,1,0.013356857258555423
México,Zacatecas,659.69,1.3619680766065543,15,32,0.019389813245492927
México,Yucatán,1447.53,0.16958531721863268,15,31,0.0024143206338872714
México,Veracruz,428.25,14.829825045169164,15,30,0.2111264889597193
México,Tlaxcala,208.23,0.635028685704842,15,29,0.009040658024839094
México,Tamaulipas,827.95,1.0445727295861305,15,28,0.014871178330753824
México,Tabasco,858.24,1.3709539980310101,15,27,0.019517742336674707
México,Sonora,1925.26,0.2620344160793329,15,26,0.003730482732259955
México,Sinaloa,1171.73,0.7120659140977974,15,25,0.010137407278471785
México,San Luis Potosí,457.22,2.9674614335324176,15,24,0.04224660180931542
México,Quintana Roo,1516.43,0.03157863625475432,15,23,0.0004495728424506392
México,Querétaro,207.14,4.92347743605798,15,22,0.0700936458374425
México,Puebla,242.0,7.52740078071853,15,21,0.10716469634572312
México,Oaxaca,559.85,3.4540671313761497,15,20,0.04917421910625767
México,Nuevo León,921.97,0.41576654495682436,15,19,0.005919107649367843
México,Nayarit,706.14,0.7892486430574176,15,18,0.011236227967451018
México,Morelos,147.85,2.9021147792465314,15,17,0.041316286742035656
México,Michoacán,350.51,9.611515602340866,15,16,0.1368354337642586
México,Jalisco,513.06,6.94557126987058,15,14,0.09888141441728973
México,Hidalgo,222.78,5.596185734256787,15,13,0.0796707339460475
México,Guerrero,295.25,8.845396943677088,15,12,0.12592849844725007
México,Guanajuato,290.99,5.546140781033897,15,11,0.0789582632842615
México,Durango,989.0,0.8178601028768424,15,10,0.011643558265501633
México,Ciudad de México,79.34,0.21963134478047366,15,9,0.0031268065906217865
México,Colima,618.88,0.29235302669572927,15,6,0.004162117076568136
México,Coahuila,1156.69,0.2113398176034219,15,5,0.00300876332202805
México,Chihuahua,1485.12,0.5975212358862358,15,8,0.008506678954559048
México,Chiapas,988.6,1.5812095750487376,15,7,0.022511069744432153
México,Campeche,1191.0,0.2801730465392205,15,4,0.00398871540539465
México,Baja California Sur,3528.82,0.006910959173724603,15,3,9.838865537848928e-05
México,Baja California,2723.53,0.020830428611240903,15,2,0.000296554763311249
México,Aguascalientes,486.59,0.23294785599415654,15,1,0.003316388615303422
Jalisco,Zacatecas,454.26,15.25018698324417,14,32,0.21711101944526195
Jalisco,Yucatán,1961.75,0.49022279745058617,14,31,0.006979112546406529
Jalisco,Veracruz,915.13,17.242594593305746,14,30,0.24547615672825057
Jalisco,Tlaxcala,695.12,0.3025504516245381,14,29,0.004307293875019379
Jalisco,Tamaulipas,825.97,5.572573293369696,14,28,0.07933457274892775
Jalisco,Tabasco,1372.46,2.8462852761408293,14,27,0.04052146367870408
Jalisco,Sonora,1465.34,2.401583736766813,14,26,0.034190419694230194
Jalisco,Sinaloa,711.82,10.244065703283471,14,25,0.14584080513555686
Jalisco,San Luis Potosí,455.24,15.892496504873984,14,24,0.22625533191786756
Jalisco,Quintana Roo,2030.65,0.09349866006234354,14,23,0.0013311042956525821
Jalisco,Querétaro,467.84,5.124395318724944,14,22,0.07295403609879053
Jalisco,Puebla,756.21,4.092873966274191,14,21,0.05826866518129268
Jalisco,Oaxaca,1074.06,4.982582348573893,14,20,0.07093509963893702
Jalisco,Nuevo León,869.09,2.484225676608613,14,19,0.0353669610591132
Jalisco,Nayarit,246.22,34.46563213657449,14,18,0.49067388729192096
Jalisco,Morelos,653.88,0.7877684195710953,14,17,0.011215154597631005
Jalisco,Michoacán,338.33,54.77080390410461,14,16,0.7797507718772273
Jalisco,México,516.03,6.865851161892172,14,15,0.09774647004365711
Jalisco,Hidalgo,613.44,3.9186616689147358,14,13,0.055788472018994395
Jalisco,Guerrero,802.86,6.351187428413888,14,12,0.09041940133494251
Jalisco,Guanajuato,343.87,21.086081123605023,14,11,0.3001943893462675
Jalisco,Durango,784.89,6.894320138755632,14,10,0.09815177186691872
Jalisco,Ciudad de México,588.46,0.02119738315702109,14,9,0.0003017789533891769
Jalisco,Colima,210.93,13.362299974483419,14,6,0.1902339015764869
Jalisco,Coahuila,1088.89,1.266148670508475,14,5,0.018025669385260203
Jalisco,Chihuahua,1279.7,4.272652083374844,14,8,0.06082809676862717
Jalisco,Chiapas,1502.81,3.632954236284523,14,7,0.05172096569729562
Jalisco,Campeche,1705.22,0.7256487843360789,14,4,0.010330781353666153
Jalisco,Baja California Sur,3068.9,0.04851424725989178,14,3,0.0006906785924518502
Jalisco,Baja California,2263.61,0.16010200002933797,14,2,0.0022793103113939958
Jalisco,Aguascalientes,281.17,3.704115725416967,14,1,0.05273406432144778
Hidalgo,Zacatecas,701.95,0.9702240563351647,13,32,0.013812704997826468
Hidalgo,Yucatán,1470.88,0.13247275689594884,13,31,0.0018859634527763293
Hidalgo,Veracruz,424.26,12.187209056808598,13,30,0.17350458623382503
Hidalgo,Tlaxcala,204.25,0.5323453650322327,13,29,0.007578795265008696
Hidalgo,Tamaulipas,745.33,1.039650497378496,13,28,0.014801102412752292
Hidalgo,Tabasco,881.59,1.0479600840430339,13,27,0.014919402787291229
Hidalgo,Sonora,2024.09,0.19121199767224895,13,26,0.0027222113270086415
Hidalgo,Sinaloa,1270.56,0.4884528004822344,13,25,0.006953913783490632
Hidalgo,San Luis Potosí,474.64,2.220979330691081,13,24,0.031619224550033555
Hidalgo,Quintana Roo,1539.78,0.024703496259241033,13,23,0.000351694130871901
Hidalgo,Querétaro,194.62,4.4984471734472855,13,22,0.0640426542193145
Hidalgo,Puebla,265.34,5.050193139749239,13,21,0.07189764834825503
Hidalgo,Oaxaca,583.19,2.567388949699291,13,20,0.03655092444401859
Hidalgo,Nuevo León,924.8,0.33329219488727013,13,19,0.004744952195316015
Hidalgo,Nayarit,804.97,0.48986199346230225,13,18,0.0069739759194391154
Hidalgo,Morelos,269.98,0.7019912875186375,13,17,0.00999397871267551
Hidalgo,Michoacán,449.34,4.7171556260190854,13,16,0.0671563219501647
Hidalgo,México,221.49,5.6615620694895075,13,15,0.08060147156949869
Hidalgo,Jalisco,611.89,3.9385398124493154,13,14,0.05607146946762986
Hidalgo,Guerrero,463.28,2.8976618379381875,13,12,0.041252891937234464
Hidalgo,Guanajuato,333.25,3.4107066479898296,13,11,0.04855691265867202
Hidalgo,Durango,1031.27,0.6066867403711917,13,10,0.008637164700382708
Hidalgo,Ciudad de México,184.2,0.03286526411715538,13,9,0.00046789006617776416
Hidalgo,Colima,717.71,0.17533158596937232,13,6,0.002496128041747272
Hidalgo,Coahuila,1174.11,0.1654380420980171,13,5,0.0023552774804920943
Hidalgo,Chihuahua,1527.39,0.4556319999873346,13,8,0.006486656728722285
Hidalgo,Chiapas,1011.94,1.2171911533209891,13,7,0.01732868013012762
Hidalgo,Campeche,1214.35,0.21737009077173916,13,4,0.0030946139910424863
Hidalgo,Baja California Sur,3627.65,0.00527453583143197,13,3,7.509152856427125e-05
Hidalgo,Baja California,2822.36,0.01564499330639051,13,2,0.00022273172451569269
Hidalgo,Aguascalientes,528.85,0.15905880840931588,13,1,0.0022644587953864477
Guerrero,Zacatecas,949.56,1.471947065399138,12,32,0.020955541613318973
Guerrero,Yucatán,1600.4,0.310653746023629,12,31,0.0044226573462859756
Guerrero,Veracruz,584.01,17.855848371236508,12,30,0.2542068138048815
Guerrero,Tlaxcala,397.22,0.3907581219889591,12,29,0.005563072394768198
Guerrero,Tamaulipas,1072.4,1.3941951888990531,12,28,0.01984861819072337
Guerrero,Tabasco,1011.11,2.2117389214555314,12,27,0.0314876724142187
Guerrero,Sonora,2215.13,0.4432298080057448,12,26,0.00631009151365723
Guerrero,Sinaloa,1461.61,1.0247137650343734,12,25,0.014588453925886095
Guerrero,San Luis Potosí,747.1,2.488675858713658,12,24,0.035430316582203185
Guerrero,Quintana Roo,1669.3,0.058352518505694805,12,23,0.00083074225869425
Guerrero,Querétaro,497.02,1.9148839166458853,12,22,0.027261462414796135
Guerrero,Puebla,394.86,6.33110877356593,12,21,0.09013354928421557
Guerrero,Oaxaca,712.71,4.772420692523748,12,20,0.06794310934770421
Guerrero,Nuevo León,1211.85,0.538859658351465,12,19,0.007671536741887499
Guerrero,Nayarit,996.02,0.8882794968725634,12,18,0.012646091967936025
Guerrero,Morelos,241.92,2.4271911545058242,12,17,0.03455498260593652
Guerrero,Michoacán,648.51,6.287089345978945,12,16,0.08950686170265951
Guerrero,México,295.5,8.830436444123785,12,15,0.12571551159581038
Guerrero,Jalisco,802.94,6.349921905006052,12,14,0.09040138456718032
Guerrero,Hidalgo,467.68,2.843395089161226,12,13,0.04048031720343669
Guerrero,Guanajuato,580.87,3.116588112118632,12,11,0.0443696607101612
Guerrero,Durango,1278.88,1.0952223569090607,12,10,0.015592257504057487
Guerrero,Ciudad de México,295.51,0.035450685298138974,12,9,0.000504697708530967
Guerrero,Colima,849.75,0.3472389463872393,12,6,0.004943506707430194
Guerrero,Coahuila,1446.57,0.30257055904325003,12,5,0.004307580136570123
Guerrero,Chihuahua,1775.0,0.936634195104146,12,8,0.013334499122521194
Guerrero,Chiapas,1141.46,2.655825516733784,12,7,0.03780996167721411
Guerrero,Campeche,1343.86,0.4927562104332132,12,4,0.0070151797681355715
Guerrero,Baja California Sur,3818.69,0.013214745930439453,12,3,0.00018813323166595695
Guerrero,Baja California,3013.41,0.038100999491727655,12,2,0.0005424292076301262
Guerrero,Aguascalientes,776.47,0.20484529845952884,12,1,0.0029163033624428564
Guanajuato,Zacatecas,393.57,5.218466752640897,11,32,0.07429329475447853
Guanajuato,Yucatán,1682.97,0.17109243617476425,11,31,0.002435776904118615
Guanajuato,Veracruz,636.35,9.159649142408774,11,30,0.1304023855743073
Guanajuato,Tlaxcala,416.34,0.21663260939075157,11,29,0.0030841147535823794
Guanajuato,Tamaulipas,625.36,2.4970478882250045,11,28,0.03554950593142436
Guanajuato,Tabasco,1093.69,1.151309446982595,11,27,0.016390747733519107
Guanajuato,Sonora,1755.81,0.42965734459733007,11,26,0.006116865596478503
Guanajuato,Sinaloa,1002.28,1.327202929911891,11,25,0.018894875285169196
Guanajuato,San Luis Potosí,254.63,13.048378516571443,11,24,0.18576472307868244
Guanajuato,Quintana Roo,1751.87,0.032268183608382656,11,23,0.00045938966168482427
Guanajuato,Querétaro,180.54,8.838797498700679,11,22,0.12583454469913044
Guanajuato,Puebla,477.44,2.6374141592330607,11,21,0.0375478462945801
Guanajuato,Oaxaca,795.29,2.334335423079481,11,20,0.033233031436848616
Guanajuato,Nuevo León,719.38,0.9313363753708108,11,19,0.013259076110042371
Guanajuato,Nayarit,536.69,1.8633250752925177,11,18,0.026527439112659226
Guanajuato,Morelos,427.12,0.47423935524698524,11,17,0.006751562455717083
Guanajuato,Michoacán,279.71,20.583388873239926,11,16,0.2930377540168834
Guanajuato,México,293.58,5.448714921766014,11,15,0.07757124897097988
Guanajuato,Jalisco,343.61,21.118003682749077,11,14,0.30064885848600215
Guanajuato,Hidalgo,334.66,3.382027000252495,11,13,0.048148611595581765
Guanajuato,Guerrero,580.41,3.1215301311694432,11,12,0.044440018325803445
Guanajuato,Durango,722.89,2.0876963722403814,11,10,0.029721726570782148
Guanajuato,Ciudad de México,337.72,0.016531235638043963,11,9,0.00023534881414955994
Guanajuato,Colima,514.73,0.5763704319378543,11,6,0.008205563131365178
Guanajuato,Coahuila,954.1,0.42361142343865354,11,5,0.0060307921530716666
Guanajuato,Chihuahua,1219.01,1.2094893989529365,11,8,0.01721903322912882
Guanajuato,Chiapas,1224.04,1.4066290814021467,11,7,0.020025634713864073
Guanajuato,Campeche,1426.44,0.26636859664165496,11,4,0.0037921867862088987
Guanajuato,Baja California Sur,3359.37,0.010399724279607744,11,3,0.00014805685614058996
Guanajuato,Baja California,2554.08,0.03230231925239047,11,2,0.0004598756376586337
Guanajuato,Aguascalientes,220.48,1.5473438767603103,11,1,0.022028936883523323
Durango,Zacatecas,371.2,9.992992166721919,10,32,0.14226636820973435
Durango,Yucatán,2382.54,0.14542120717275236,10,31,0.002070305536117465
Durango,Veracruz,1335.91,3.5403086109696393,10,30,0.05040200572773207
Durango,Tlaxcala,1115.9,0.05136817531654983,10,29,0.0007313088634436261
Durango,Tamaulipas,1045.57,1.521617271871585,10,28,0.02166267715042014
Durango,Tabasco,1793.25,0.7294969144506127,10,27,0.010385565695198646
Durango,Sonora,1342.59,1.2517426436950079,10,26,0.01782057634797062
Durango,Sinaloa,589.07,6.5449485466391355,10,25,0.09317790350629021
Durango,San Luis Potosí,673.46,3.177434906158088,10,24,0.0452359130058476
Durango,Quintana Roo,2451.44,0.028071157563162343,10,23,0.0003996382235996858
Durango,Querétaro,880.1,0.6335787547370594,10,22,0.009020015917900574
Durango,Puebla,1177.0,0.7392436424726544,10,21,0.010524326095936435
Durango,Oaxaca,1494.85,1.125495232735759,10,20,0.016023240739836547
Durango,Nuevo León,741.09,1.494878742157993,10,19,0.021282011034590625
Durango,Nayarit,582.03,2.6987924207548155,10,18,0.03842166488745425
Durango,Morelos,1126.68,0.1160969537830382,10,17,0.0016528274714283427
Durango,Michoacán,951.73,3.028516435344248,10,16,0.043115818278606145
Durango,México,993.14,0.8110556573500297,10,15,0.011546686003757614
Durango,Jalisco,790.08,6.804040678657838,10,14,0.09686649807727038
Durango,Hidalgo,1034.22,0.6032306606493971,10,13,0.008587961828804322
Durango,Guerrero,1279.97,1.0933578068606842,10,12,0.015565712625476357
Durango,Guanajuato,723.82,2.082335066055982,10,11,0.029645399726230533
Durango,Ciudad de México,1037.28,0.002985048946313367,10,9,4.249698843300561e-05
Durango,Colima,964.71,0.27950635201776164,10,6,0.003979223933101783
Durango,Coahuila,677.18,1.432424684005277,10,5,0.020392876740766685
Durango,Chihuahua,619.08,7.988176324736779,10,8,0.11372457972336063
Durango,Chiapas,1923.6,0.9702102605615291,10,7,0.013812508592727871
Durango,Campeche,2126.0,0.20426224808866436,10,4,0.0029080026996021052
Durango,Baja California Sur,2946.15,0.023033099443117946,10,3,0.00032791333683802654
Durango,Baja California,2140.86,0.07831604542153575,10,2,0.001114955277536798
Durango,Aguascalientes,521.95,0.47031845971800584,10,1,0.006695742181095507
Ciudad de México,Zacatecas,706.06,0.0047734829132387155,9,32,6.79582317735837e-05
Ciudad de México,Yucatán,1376.44,0.0007530098963934997,9,31,1.0720310933760453e-05
Ciudad de México,Veracruz,353.82,0.08722437649199097,9,30,0.0012417797448293947
Ciudad de México,Tlaxcala,133.62,0.006191685182649848,9,29,8.814862949327998e-05
Ciudad de México,Tamaulipas,761.67,0.004955472417759235,9,28,7.05491460291401e-05
Ciudad de México,Tabasco,787.15,0.006543306226458772,9,27,9.315452242847091e-05
Ciudad de México,Sonora,2000.89,0.00097400804396293,9,26,1.3866576167559339e-05
Ciudad de México,Sinaloa,1247.36,0.002522687927163843,9,25,3.591453325854788e-05
Ciudad de México,San Luis Potosí,503.27,0.00983343600131157,9,24,0.00013999482873490172
Ciudad de México,Quintana Roo,1445.34,0.0001395628794584238,9,23,1.9869027880921592e-06
Ciudad de México,Querétaro,253.19,0.013230573123720035,9,22,0.00018835855730110358
Ciudad de México,Puebla,170.9,0.06059872762550925,9,21,0.0008627206700033037
Ciudad de México,Oaxaca,488.75,0.018195854589124875,9,20,0.000259047350951382
Ciudad de México,Nuevo León,968.02,0.0015142107279588668,9,19,2.155723304660534e-05
Ciudad de México,Nayarit,781.77,0.0025852903694537576,9,18,3.680578003999785e-05
Ciudad de México,Morelos,87.22,0.03348088561550728,9,17,0.0004766544315751494
Ciudad de México,Michoacán,426.14,0.02610717961556754,9,16,0.00037167782843608416
Ciudad de México,México,79.02,0.2214137881531679,9,15,0.0031521825481870473
Ciudad de México,Jalisco,588.69,0.021180822842689302,9,14,0.00030154319059290044
Ciudad de México,Hidalgo,182.57,0.03345473139979888,9,13,0.00047628208411203436
Ciudad de México,Guerrero,278.23,0.039990891636811195,9,12,0.0005693348718499489
Ciudad de México,Guanajuato,337.37,0.016565553649381632,9,11,0.00023583738641657818
Ciudad de México,Durango,1035.38,0.002996014576125384,9,10,4.2653101867546584e-05
Ciudad de México,Colima,694.51,0.0009320416993286077,9,6,1.3269117534694062e-05
Ciudad de México,Coahuila,1202.74,0.0007847722540978316,9,5,1.1172499347499206e-05
Ciudad de México,Chihuahua,1531.5,0.0022558711758693725,9,8,3.2115966267712714e-05
Ciudad de México,Chiapas,917.5,0.007370388171862587,9,7,0.00010492936850273151
Ciudad de México,Campeche,1119.91,0.0012722002880048142,9,4,1.8111823925225294e-05
Ciudad de México,Baja California Sur,3604.45,2.6594460713112933e-05,9,3,3.786150611376062e-07
Ciudad de México,Baja California,2799.16,7.917333616181112e-05,9,2,1.12716019455104e-06
Ciudad de México,Aguascalientes,532.97,0.000779563340129362,9,1,1.1098342052041803e-05
Colima,Zacatecas,628.43,0.4880300320766642,6,32,0.006947894993057213
Colima,Yucatán,2063.2,0.027144032903032685,6,31,0.0003864391080521352
Colima,Veracruz,1016.58,0.8557783299342822,6,30,0.012183385412607627
Colima,Tlaxcala,796.57,0.01411060667745212,6,29,0.000200887254962761
Colima,Tamaulipas,1000.14,0.23277640004057118,6,28,0.003313947663142391
Colima,Tabasco,1473.91,0.1511513714421961,6,27,0.0021518836706999884
Colima,Sonora,1650.2,0.11597852548982027,6,26,0.0016511414535782035
Colima,Sinaloa,896.67,0.39538815354152107,6,25,0.005628988364949084
Colima,San Luis Potosí,629.41,0.5091923631037282,6,24,0.0072491749228162485
Colima,Quintana Roo,2132.1,0.005194414503182036,6,23,7.395087217266345e-05
Colima,Querétaro,564.32,0.2157062098020533,6,22,0.0030709259605966317
Colima,Puebla,857.66,0.19487633219303133,6,21,0.0027743790416910677
Colima,Oaxaca,1175.51,0.25476227585023126,6,20,0.0036269520817555447
Colima,Nuevo León,1043.26,0.105587290200741,6,19,0.0015032054519156421
Colima,Nayarit,431.08,0.6886417655188255,6,18,0.009803926726187042
Colima,Morelos,755.33,0.03615741807820499,6,17,0.0005147591900409383
Colima,Michoacán,327.07,3.5894252686457144,6,16,0.0511012606045092
Colima,México,617.48,0.2936802218426984,6,15,0.004181011841050556
Colima,Jalisco,216.05,12.736478920441552,6,14,0.18132432904582707
Colima,Hidalgo,714.89,0.1767175621678253,6,13,0.002515859649346813
Colima,Guerrero,849.25,0.34764794393293563,6,12,0.004949329447452615
Colima,Guanajuato,518.04,0.5690285615783995,6,11,0.008101039759938485
Colima,Durango,969.75,0.276608592133221,6,10,0.0039379696453129545
Colima,Ciudad de México,689.91,0.0009445119780237839,6,9,1.3446652073991906e-05
Colima,Coahuila,1263.06,0.05763429215913607,6,5,0.0008205171477192081
Colima,Chihuahua,1453.87,0.2027397584058613,6,8,0.002886327602274351
Colima,Chiapas,1604.26,0.19525167775410504,6,7,0.0027797226914114616
Colima,Campeche,1806.67,0.03959185462061382,6,4,0.0005636539360372801
Colima,Baja California Sur,3253.76,0.0026432603706682176,6,3,3.763107654782054e-05
Colima,Baja California,2448.47,0.008380821588635526,6,2,0.00011931451862831143
Colima,Aguascalientes,455.34,0.08650219081033703,6,1,0.0012314982663304797
Coahuila,Zacatecas,677.64,1.0598809801705196,5,32,0.015089115979252953
Coahuila,Yucatán,2395.27,0.05085607990279915,5,31,0.000724018358910481
Coahuila,Veracruz,1270.93,1.382598064909173,5,30,0.01968351441757997
Coahuila,Tlaxcala,1283.18,0.013731349288826276,5,29,0.00019548791406502803
Coahuila,Tamaulipas,707.74,1.1738371702160817,5,28,0.01671146622453675
Coahuila,Tabasco,1805.98,0.25422774748953825,5,27,0.0036193422080248176
Coahuila,Sonora,1355.55,0.4340247199588369,5,26,0.006179042231957051
Coahuila,Sinaloa,1040.65,0.7412664685183803,5,25,0.010553124288734367
Coahuila,San Luis Potosí,718.6,0.9864374065282486,5,24,0.014043528199726294
Coahuila,Quintana Roo,2464.17,0.00981985806356909,5,23,0.0001398015248817442
Coahuila,Querétaro,1042.0,0.15976178133553884,5,22,0.002274466749310054
Coahuila,Puebla,1344.28,0.20031096977380144,5,21,0.0028517498769977394
Coahuila,Oaxaca,1662.13,0.3217752223926989,5,20,0.004580989508040985
Coahuila,Nuevo León,391.78,1.8906321234776047,5,19,0.02691619900629326
Coahuila,Nayarit,1033.62,0.3024698553199511,5,18,0.00430614645657319
Coahuila,Morelos,1293.96,0.03111171677217971,5,17,0.0004429254901937777
Coahuila,Michoacán,1219.4,0.6520918255035473,5,16,0.009283579352997513
Coahuila,México,1160.93,0.20979890734426204,5,15,0.00298682597807237
Coahuila,Jalisco,1090.16,1.263200347008698,5,14,0.017983695242818915
Coahuila,Hidalgo,1176.5,0.16476656686430266,5,13,0.0023457179470460997
Coahuila,Guerrero,1447.76,0.30207336201013874,5,12,0.004300501734525443
Coahuila,Guanajuato,954.47,0.42328306142141375,5,11,0.0060261173899105085
Coahuila,Durango,678.14,1.4283719681769884,5,10,0.020335179791478888
Coahuila,Ciudad de México,1204.56,0.0007824025813771475,5,9,1.1138763232610605e-05
Coahuila,Colima,1261.29,0.057796164964936926,5,6,0.0008228216683081361
Coahuila,Chihuahua,635.78,2.677140416470247,5,8,0.038113413668736676
Coahuila,Chiapas,1936.33,0.33843894765348725,5,7,0.004818224525755889
Coahuila,Campeche,2138.74,0.07134151505821834,5,4,0.001015661583695829
Coahuila,Baja California Sur,3152.25,0.007111553301055072,5,3,0.00010124443646020991
Coahuila,Baja California,2346.96,0.023033481896443657,5,2,0.00032791878167824564
Coahuila,Aguascalientes,828.39,0.06599694274714868,5,1,0.0009395729728328815
Chihuahua,Zacatecas,869.16,3.00273393248336,8,32,0.04274876274767212
Chihuahua,Yucatán,2880.49,0.1639004837097646,8,31,0.0023333878558273674
Chihuahua,Veracruz,1833.87,3.095018598701134,8,30,0.04406258388204384
Chihuahua,Tlaxcala,1613.86,0.040459248448196254,8,29,0.0005760026868017044
Chihuahua,Tamaulipas,1227.06,1.8200565871968573,8,28,0.025911442366479947
Chihuahua,Tabasco,2291.2,0.7361799229809134,8,27,0.010480709105346283
Chihuahua,Sonora,850.67,5.136703071965429,8,26,0.07312925682598938
Chihuahua,Sinaloa,783.73,6.091327328717402,8,25,0.08671987350487459
Chihuahua,San Luis Potosí,1171.41,1.7301639235894601,8,24,0.02463167524900817
Chihuahua,Quintana Roo,2949.39,0.031947971149707294,8,23,0.0004548309206399789
Chihuahua,Querétaro,1378.05,0.42573517054183485,8,22,0.006061027119968939
Chihuahua,Puebla,1674.95,0.6013698653380332,8,21,0.008561470404963219
Chihuahua,Oaxaca,1992.8,1.0433170253715263,8,20,0.01485330135505156
Chihuahua,Nuevo León,922.59,1.5890414230688243,8,19,0.022622568738487087
Chihuahua,Nayarit,1225.13,1.0034614791839271,8,18,0.014285893344064892
Chihuahua,Morelos,1624.64,0.09198405343105552,8,17,0.0013095414262832557
Chihuahua,Michoacán,1449.68,2.150393757548958,8,16,0.030614325019303053
Chihuahua,México,1491.09,0.5927461242185682,8,15,0.008438697534838006
Chihuahua,Jalisco,1281.68,4.25946108946743,8,14,0.060640301685335296
Chihuahua,Hidalgo,1532.18,0.4527876007923619,8,13,0.006446162116452395
Chihuahua,Guerrero,1777.92,0.9335601243543419,8,12,0.013290734765069699
Chihuahua,Guanajuato,1221.78,1.204011345983992,8,11,0.017141044305716314
Chihuahua,Durango,618.82,7.9948902711486225,8,10,0.11382016358417346
Chihuahua,Ciudad de México,1535.23,0.002244922747739035,8,9,3.196009772686712e-05
Chihuahua,Colima,1452.8,0.20303850761771436,8,6,0.002890580779367534
Chihuahua,Coahuila,636.02,2.6751203778715706,8,5,0.03808465515974533
Chihuahua,Chiapas,2421.55,1.0085869642602856,8,7,0.014358862894622031
Chihuahua,Campeche,2623.96,0.2209047423452351,8,4,0.003144935459713571
Chihuahua,Baja California Sur,2218.31,0.06693025046829103,8,3,0.00095286011423095
Chihuahua,Baja California,1413.02,0.2961662044325335,8,2,0.004216403814604408
Chihuahua,Aguascalientes,1019.91,0.20292285360654275,8,1,0.0028889342578989124
Chiapas,Zacatecas,1600.53,1.0383478933257797,7,32,0.014782557742176813
Chiapas,Yucatán,835.59,2.2839191231291673,7,31,0.032515274055191765
Chiapas,Veracruz,667.9,27.360981840750622,7,30,0.38952772624988324
Chiapas,Tlaxcala,834.7,0.177354784569025,7,29,0.0025249315384515063
Chiapas,Tamaulipas,1367.02,1.7195743629844251,7,28,0.024480915766454767
Chiapas,Tabasco,323.45,43.31615201455573,7,27,0.6166753189753699
Chiapas,Sonora,2922.67,0.5102715350325809,7,26,0.007264538676577915
Chiapas,Sinaloa,2169.15,0.9324379040084736,7,25,0.013274758147628787
Chiapas,San Luis Potosí,1397.74,1.4249726485135172,7,24,0.020286784990918905
Chiapas,Quintana Roo,839.06,0.4628879386137703,7,23,0.0065899567232698
Chiapas,Querétaro,1147.66,0.7197757311653218,7,22,0.010247168965007554
Chiapas,Puebla,773.56,3.3060662818046973,7,21,0.04706718819807746
Chiapas,Oaxaca,623.54,12.495950491679354,7,20,0.17790001874513994
Chiapas,Nuevo León,1546.49,0.6631513863665595,7,19,0.009441030047616782
Chiapas,Nayarit,1703.55,0.6085685357992837,7,18,0.008663955094771273
Chiapas,Morelos,933.92,0.3264086691253326,7,17,0.004646954098820935
Chiapas,Michoacán,1347.92,2.91667648610635,7,16,0.041523596135990756
Chiapas,México,1002.64,1.5372361698360564,7,15,0.021885037365636108
Chiapas,Jalisco,1510.47,3.5962002898688286,7,14,0.05119771396381095
Chiapas,Hidalgo,1019.87,1.1983362011953818,7,13,0.017060249462223023
Chiapas,Guerrero,1153.47,2.6008082029082034,7,12,0.03702670143883566
Chiapas,Guanajuato,1231.84,1.3888719531069946,7,11,0.019772833339637207
Chiapas,Durango,1929.85,0.9639362029783244,7,10,0.013723187259196386
Chiapas,Ciudad de México,927.2,0.007216982648269423,7,9,0.0001027453933388571
Chiapas,Colima,1616.29,0.19235598902392725,7,6,0.002738497889847008
Chiapas,Coahuila,1927.68,0.3414830889176346,7,5,0.004861562788684769
Chiapas,Chihuahua,2425.97,1.0049151189420007,7,8,0.014306588251617715
Chiapas,Campeche,513.63,6.760407978079494,7,4,0.09624531617870595
Chiapas,Baja California Sur,4526.23,0.018851586110345746,7,3,0.00026838274724593744
Chiapas,Baja California,3720.94,0.050081922623175776,7,2,0.0007129969808529743
Chiapas,Aguascalientes,1427.44,0.12147674477703797,7,1,0.0017294174770717528
Campeche,Zacatecas,1803.03,0.21041846392304073,4,32,0.0029956463656892855
Campeche,Yucatán,370.2,2.9923582552220376,4,31,0.04260104823963915
Campeche,Veracruz,870.4,4.143201238250732,4,30,0.05898515510608712
Campeche,Tlaxcala,1037.2,0.02953914683455367,4,29,0.0004205374196289976
Campeche,Tamaulipas,1569.52,0.3354719537693143,4,28,0.004775984580266145
Campeche,Tabasco,368.0,8.605731075702977,4,27,0.12251646809121156
Campeche,Sonora,3125.17,0.11477117826684971,4,26,0.0016339529176808043
Campeche,Sinaloa,2371.64,0.2005953144599968,4,25,0.0028557979824250066
Campeche,San Luis Potosí,1600.24,0.27958141584482094,4,24,0.003980292587803146
Campeche,Quintana Roo,369.6,0.6135037231809046,4,23,0.008734215450579001
Campeche,Querétaro,1350.16,0.13374342561662653,4,22,0.0019040534723693122
Campeche,Puebla,976.06,0.5340301328212504,4,21,0.007602780653030761
Campeche,Oaxaca,966.55,1.3374221468249514,4,20,0.019040362327679857
Campeche,Nuevo León,1748.99,0.13333724853559056,4,19,0.00189827088621244
Campeche,Nayarit,1906.05,0.12501724212849333,4,18,0.001779822169824851
Campeche,Morelos,1136.42,0.0566920978089825,4,17,0.0008071034908176786
Campeche,Michoacán,1550.42,0.5669398685315209,4,16,0.00807130384409599
Campeche,México,1205.14,0.2736370329228532,4,15,0.0038956647050382045
Campeche,Jalisco,1712.97,0.719097523972045,4,14,0.010237513591254483
Campeche,Hidalgo,1222.37,0.21452710675875405,4,13,0.0030541395261717303
Campeche,Guerrero,1355.96,0.48400116245165203,4,12,0.006890537532951347
Campeche,Guanajuato,1434.34,0.2634424886179957,4,11,0.0037505289169170904
Campeche,Durango,2132.35,0.2030475000527129,4,10,0.002890708801189953
Campeche,Ciudad de México,1129.7,0.0012502460100812076,4,9,1.7799269353506537e-05
Campeche,Colima,1818.79,0.039065950627486225,4,6,0.0005561668440951474
Campeche,Coahuila,2130.18,0.07191603023164253,4,5,0.0010238407342286026
Campeche,Chihuahua,2628.47,0.22014732402541906,4,8,0.003134152387758948
Campeche,Chiapas,514.42,6.739659867966987,4,7,0.09594993335205351
Campeche,Baja California Sur,4728.73,0.004441721522496544,4,3,6.323507304538246e-05
Campeche,Baja California,3923.44,0.01158434609050653,4,2,0.00016492185912736745
Campeche,Aguascalientes,1629.94,0.0239598923590236,4,1,0.0003411077294712451
Baja California Sur,Zacatecas,3018.59,0.01625657147708847,3,32,0.00023143852661960083
Baja California Sur,Yucatán,4977.95,0.0035837096848359315,3,31,5.1019890046297014e-05
Baja California Sur,Veracruz,3931.33,0.04397868665420659,3,30,0.0006261075686383046
Baja California Sur,Tlaxcala,3711.32,0.0004995898703502917,3,29,7.112467943865434e-06
Baja California Sur,Tamaulipas,3554.53,0.014163579435446971,3,28,0.00020164140764978875
Baja California Sur,Tabasco,4388.66,0.013102887114737793,3,27,0.00018654074092878692
Baja California Sur,Sonora,1665.48,0.08750820069587363,3,26,0.0012458204403510895
Baja California Sur,Sinaloa,2380.41,0.043118361540396374,3,25,0.0006138594524205216
Baja California Sur,San Luis Potosí,3546.36,0.01232708436782106,3,24,0.00017549593698922925
Baja California Sur,Quintana Roo,5046.85,0.0007125048057471192,3,23,1.0143655609296513e-05
Baja California Sur,Querétaro,3484.04,0.004349347589380298,3,22,6.19199810526697e-05
Baja California Sur,Puebla,3772.42,0.007741518935674847,3,21,0.00011021301378310154
Baja California Sur,Oaxaca,4090.27,0.016171886006637645,3,20,0.00023023289229905238
Baja California Sur,Nuevo León,3227.86,0.008477039872380635,3,19,0.00012068434115547956
Baja California Sur,Nayarit,2867.16,0.011964156852364483,3,18,0.00017032907818598385
Baja California Sur,Morelos,3670.08,0.0011770547560613035,3,17,1.6757273750947826e-05
Baja California Sur,Michoacán,3354.53,0.026225261453300338,3,16,0.00037335891393335094
Baja California Sur,México,3532.23,0.0068976219927682466,3,15,9.819877908666795e-05
Baja California Sur,Jalisco,3075.2,0.04831567371429223,3,14,0.0006878515776114849
Baja California Sur,Hidalgo,3629.64,0.00526875374344143,3,13,7.500921121173469e-05
Baja California Sur,Guerrero,3819.06,0.013212185499787435,3,12,0.00018809677980410834
Baja California Sur,Guanajuato,3360.07,0.010395391602789524,3,11,0.00014799517349486476
Baja California Sur,Durango,2947.63,0.023009975489864228,3,10,0.00032758413005059265
Baja California Sur,Ciudad de México,3604.67,2.6591214589160043e-05,3,9,3.785688473251833e-07
Baja California Sur,Colima,3249.84,0.002649640887734195,3,6,3.7721913503872576e-05
Baja California Sur,Coahuila,3150.39,0.00711995314609979,3,5,0.00010136402180843185
Baja California Sur,Chihuahua,2219.96,0.06683079473707816,3,8,0.0009514442014151252
Baja California Sur,Chiapas,4519.02,0.018911788704950118,3,7,0.00026923982832318365
Baja California Sur,Campeche,4721.42,0.004455486076208504,3,4,6.343103367798952e-05
Baja California Sur,Baja California,937.41,0.04394342009309754,3,2,0.0006256054922347086
Baja California Sur,Aguascalientes,3169.34,0.0013722647221830239,3,1,1.95364026099663e-05
Baja California,Zacatecas,2213.24,0.0542931935547006,2,32,0.0007729512178802406
Baja California,Yucatán,4172.6,0.009157682164714782,2,31,0.00013037438247291334
Baja California,Veracruz,3125.98,0.12488608746277807,2,30,0.001777954971526907
Baja California,Tlaxcala,2905.97,0.0014630304605885041,2,29,2.0828599355984407e-05
Baja California,Tamaulipas,2749.18,0.04251050187826904,2,28,0.0006052055892863109
Baja California,Tabasco,3583.31,0.03528802092087463,2,27,0.0005023819186449745
Baja California,Sonora,860.12,0.5890805702643824,2,26,0.008386512459553403
Baja California,Sinaloa,1575.06,0.1768221921125244,2,25,0.0025173492254407376
Baja California,San Luis Potosí,2741.01,0.03704844302831931,2,24,0.0005274443679658408
Baja California,Quintana Roo,4241.5,0.0018111517616089395,2,23,2.5784667805387726e-05
Baja California,Querétaro,2678.69,0.013210238613326581,2,22,0.00018806906273383738
Baja California,Puebla,2967.07,0.02246859241466111,2,21,0.0003198766683980303
Baja California,Oaxaca,3284.91,0.04501765493071617,2,20,0.0006408989585361546
Baja California,Nuevo León,2422.5,0.02702161039191191,2,19,0.0003846962260650695
Baja California,Nayarit,2061.81,0.041538792358466116,2,18,0.0005913717363190734
Baja California,Morelos,2864.73,0.0034685305953270225,2,17,4.938012985387892e-05
Baja California,Michoacán,2549.18,0.08153561949345191,2,16,0.001160791109563072
Baja California,México,2726.88,0.02077927925964764,2,15,0.00029582656975660085
Baja California,Jalisco,2269.85,0.1592229434710527,2,14,0.002266795522839006
Baja California,Hidalgo,2824.29,0.015623618362496063,2,13,0.00022242741769869383
Baja California,Guerrero,3013.71,0.03809341433527101,2,12,0.000542321220688539
Baja California,Guanajuato,2554.72,0.032286136739398764,2,11,0.0004596452534740544
Baja California,Durango,2142.28,0.07821225700228666,2,10,0.0011134776819155417
Baja California,Ciudad de México,2799.31,7.916485144076292e-05,2,9,1.1270394008559524e-06
Baja California,Colima,2444.49,0.008408134299233129,2,6,0.0001197033591355245
Baja California,Coahuila,2345.04,0.023071214634088896,2,5,0.0003284559680842628
Baja California,Chihuahua,1414.61,0.2955008060252657,2,8,0.004206930794588464
Baja California,Chiapas,3713.67,0.05027819852280338,2,7,0.0007157912849954419
Baja California,Campeche,3916.07,0.011627990340798129,2,4,0.0001655432054547367
Baja California,Baja California Sur,937.3,0.043953734954619544,2,3,0.00062575234093256
Baja California,Aguascalientes,2363.99,0.004428426955227955,2,1,6.304580342816803e-05
Aguascalientes,Zacatecas,192.53,2.561109404523644,1,32,0.0364615249857539
Aguascalientes,Yucatán,1883.98,0.016035002837448846,1,31,0.00022828413951063534
Aguascalientes,Veracruz,837.36,0.6212759915284529,1,30,0.008844866231857446
Aguascalientes,Tlaxcala,617.34,0.011572024103247676,1,29,0.00016474643575594908
Aguascalientes,Tamaulipas,636.53,0.28306578188487985,1,28,0.004029898160764896
Aguascalientes,Tabasco,1294.69,0.09649104761666745,1,27,0.0013737057610122136
Aguascalientes,Sonora,1635.52,0.0581572169879162,1,26,0.0008279618264496678
Aguascalientes,Sinaloa,882.0,0.20128728785845404,1,25,0.0028656493403220033
Aguascalientes,San Luis Potosí,265.8,1.4063835938866778,1,24,0.020022139802962118
Aguascalientes,Quintana Roo,1952.88,0.003049756835062586,1,23,4.3418209642157295e-05
Aguascalientes,Querétaro,381.54,0.2324330963689641,1,22,0.003309060181421425
Aguascalientes,Puebla,678.44,0.15340202883911694,1,21,0.0021839254104114025
Aguascalientes,Oaxaca,996.29,0.17469513849628668,1,20,0.0024870671849947087
Aguascalientes,Nuevo León,607.36,0.15345073392526556,1,19,0.0021846188059033737
Aguascalientes,Nayarit,478.25,0.275590178231371,1,18,0.0039234708801049725
Aguascalientes,Morelos,628.12,0.025754327931234233,1,17,0.0003666544153472641
Aguascalientes,Michoacán,453.17,0.9209766517057196,1,16,0.013111588727194512
Aguascalientes,México,494.58,0.22548205073630204,1,15,0.0032101008306163535
Aguascalientes,Jalisco,285.17,3.60093131116077,1,14,0.05126506768588919
Aguascalientes,Hidalgo,535.66,0.1550401957489835,1,13,0.0022072473597234605
Aguascalientes,Guerrero,781.41,0.20226346026105266,1,12,0.002879546729627156
Aguascalientes,Guanajuato,225.26,1.482371584913501,1,11,0.021103951469635954
Aguascalientes,Durango,521.84,0.47051675989909303,1,10,0.006698565304150937
Aguascalientes,Ciudad de México,538.72,0.0007630108921132087,1,9,1.086269124546151e-05
Aguascalientes,Colima,456.29,0.08614236905422484,1,6,0.0012263756230229625
Aguascalientes,Coahuila,827.16,0.06619336567561464,1,5,0.0009423693701681091
Aguascalientes,Chihuahua,1017.96,0.20370103460533245,1,8,0.002900012920091435
Aguascalientes,Chiapas,1425.04,0.12188626267333319,1,7,0.0017352476251245878
Aguascalientes,Campeche,1627.45,0.02403326576158887,1,4,0.00034215231825226246
Aguascalientes,Baja California Sur,3165.71,0.0013754135746601901,1,3,1.9581231605974773e-05
Aguascalientes,Baja California,2360.42,0.004441832569228579,1,2,6.323665397479824e-05
